{
    "accuracy": 0.92155,
    "precision": 0.9218286135809841,
    "recall": 0.92155,
    "f1_score": 0.9215370440005479,
    "confusion_matrix": [
        [
            9344,
            656
        ],
        [
            913,
            9087
        ]
    ],
    "class_names": [
        "FAKE",
        "REAL"
    ],
    "num_test_samples": 20000
}