{
    "train_loss": [
        0.4663455478634153,
        0.14236442804336547,
        0.04616959427084242,
        0.019305981301835605,
        0.010067029393145016,
        0.008299324296947037,
        0.005728513269818255,
        0.004291051620883601,
        0.004412444538569876,
        0.004099022748747043
    ],
    "train_acc": [
        76.71428571428571,
        96.35714285714286,
        99.85714285714286,
        100.0,
        100.0,
        100.0,
        100.0,
        100.0,
        100.0,
        100.0
    ],
    "val_loss": [
        0.48821826616923014,
        0.2644732109705607,
        0.21416923880577088,
        0.1936949148774147,
        0.1898666615287463,
        0.1933768954873085,
        0.1972059745589892,
        0.19599835564692816,
        0.19930037826299668,
        0.19720018555720648
    ],
    "val_acc": [
        76.16666666666667,
        89.33333333333333,
        91.16666666666667,
        92.33333333333333,
        92.33333333333333,
        92.66666666666667,
        92.33333333333333,
        92.16666666666667,
        92.66666666666667,
        92.66666666666667
    ]
}